epoch,train_loss,train_acc,test_loss,test_acc
1,1.5059082070365548,0,,
2,0.10170779109466821,0,,
3,0.031939173757564276,0,,
