epoch,train_loss,train_acc,test_loss,test_acc
1,0.5660934143943954,85.06166666666667,0.19439308342933656,0.9438
