epoch,train_loss,train_acc,test_loss,test_acc
1,0.49985644970732585,85.93333333333334,0.19668238943219185,0.9405
